מספר סידורי,Views,Likes,Comments,Like Rate בקובץ,Like Rate מחושב,Comment Rate בקובץ,Comment Rate מחושב,Weighted בקובץ,Weighted מחושב,הפרש Like,הפרש Comment,הפרש Weighted,סטטוס
001,182763811,3728497,13150,2.04,2.04,0.01,0.01,2.08,2.08,0.0001,0.0028,0.0040,תקין
002,4159473,238132,112,5.73,5.73,0.00,0.00,5.74,5.74,0.0049,0.0027,0.0015,תקין
003,1306834,88193,686,6.75,6.75,0.05,0.05,7.01,7.01,0.0014,0.0025,0.0011,תקין
004,125980,3226,23,2.56,2.56,0.02,0.02,2.65,2.65,0.0007,0.0017,0.0020,תקין
005,14851646,555078,2069,3.74,3.74,0.01,0.01,3.81,3.81,0.0025,0.0039,0.0029,תקין
006,40927756,1434602,9234,3.51,3.51,0.02,0.02,3.62,3.62,0.0048,0.0026,0.0020,תקין
007,141578,5597,129,3.95,3.95,0.09,0.09,4.41,4.41,0.0033,0.0011,0.0011,תקין
008,20243522,268741,2542,1.33,1.33,0.01,0.01,1.39,1.39,0.0025,0.0026,0.0003,תקין
009,200841,8323,39,4.14,4.14,0.02,0.02,4.24,4.24,0.0041,0.0006,0.0012,תקין
010,2239621,78389,681,3.50,3.50,0.03,0.03,3.65,3.65,0.0001,0.0004,0.0021,תקין
011,75087,2019,10,2.69,2.69,0.01,0.01,2.76,2.76,0.0011,0.0033,0.0045,תקין
012,594513,14292,199,2.40,2.40,0.03,0.03,2.57,2.57,0.0040,0.0035,0.0013,תקין
013,714122,7932,16,1.11,1.11,0.00,0.00,1.12,1.12,0.0007,0.0022,0.0019,תקין
014,28682264,1106367,4605,3.86,3.86,0.02,0.02,3.94,3.94,0.0027,0.0039,0.0024,תקין
015,389810,17946,20,4.60,4.60,0.01,0.01,4.63,4.63,0.0038,0.0049,0.0006,תקין
016,961993,50462,202,5.25,5.25,0.02,0.02,5.35,5.35,0.0044,0.0010,0.0006,תקין
017,3702979,264795,883,7.15,7.15,0.02,0.02,7.27,7.27,0.0009,0.0038,0.0001,תקין
018,3047085,262241,142,8.61,8.61,0.00,0.00,8.63,8.63,0.0037,0.0047,0.0004,תקין
019,74791502,4758681,8273,6.36,6.36,0.01,0.01,6.42,6.42,0.0026,0.0011,0.0021,תקין
020,12241310,1030710,729,8.42,8.42,0.01,0.01,8.45,8.45,0.0001,0.0040,0.0003,תקין
021,44734165,1407037,2114,3.15,3.15,0.00,0.00,3.17,3.17,0.0047,0.0047,0.0010,תקין
022,5182945,292336,395,5.64,5.64,0.01,0.01,5.68,5.68,0.0003,0.0024,0.0015,תקין
023,4381944,145887,903,3.33,3.33,0.02,0.02,3.43,3.43,0.0007,0.0006,0.0023,תקין
024,3331201,187992,41,5.64,5.64,0.00,0.00,5.65,5.65,0.0034,0.0012,0.0005,תקין
025,6699198,393129,1488,5.87,5.87,0.02,0.02,5.98,5.98,0.0017,0.0022,0.0006,תקין
026,549021,32474,267,5.91,5.91,0.05,0.05,6.16,6.16,0.0049,0.0014,0.0019,תקין
027,6918032,433559,1850,6.27,6.27,0.03,0.03,6.40,6.40,0.0029,0.0033,0.0008,תקין
028,479893,26144,85,5.45,5.45,0.02,0.02,5.54,5.54,0.0021,0.0023,0.0036,תקין
029,1054248,44268,189,4.20,4.20,0.02,0.02,4.29,4.29,0.0010,0.0021,0.0014,תקין
030,574963,6762,97,1.18,1.18,0.02,0.02,1.26,1.26,0.0039,0.0031,0.0004,תקין
031,19463725,1566058,5177,8.05,8.05,0.03,0.03,8.18,8.18,0.0040,0.0034,0.0010,תקין
032,1782074,94766,154,5.32,5.32,0.01,0.01,5.36,5.36,0.0023,0.0014,0.0009,תקין
033,9641851,515855,1498,5.35,5.35,0.02,0.02,5.43,5.43,0.0002,0.0045,0.0022,תקין
034,12873364,416048,595,3.23,3.23,0.00,0.00,3.25,3.25,0.0019,0.0046,0.0050,תקין
035,538953,19282,75,3.58,3.58,0.01,0.01,3.65,3.65,0.0023,0.0039,0.0027,תקין
036,27464294,1460541,4749,5.32,5.32,0.02,0.02,5.40,5.40,0.0020,0.0027,0.0044,תקין
037,28450826,730017,2474,2.57,2.57,0.01,0.01,2.61,2.61,0.0041,0.0013,0.0006,תקין
038,2683519,98406,348,3.67,3.67,0.01,0.01,3.73,3.73,0.0029,0.0030,0.0019,תקין
039,578006,42052,90,7.28,7.28,0.02,0.02,7.35,7.35,0.0046,0.0044,0.0032,תקין
040,776966,46762,97,6.02,6.02,0.01,0.01,6.08,6.08,0.0015,0.0025,0.0010,תקין
041,674525,54379,318,8.06,8.06,0.05,0.05,8.30,8.30,0.0018,0.0029,0.0025,תקין
042,73349444,1763998,6197,2.40,2.40,0.01,0.01,2.45,2.45,0.0049,0.0016,0.0028,תקין
043,969195,62417,113,6.44,6.44,0.01,0.01,6.50,6.50,0.0001,0.0017,0.0016,תקין
044,520461,56270,82,10.81,10.81,0.02,0.02,10.89,10.89,0.0016,0.0042,0.0003,תקין
045,255417,14455,16,5.66,5.66,0.01,0.01,5.69,5.69,0.0006,0.0037,0.0007,תקין
046,155444,14987,22,9.64,9.64,0.01,0.01,9.71,9.71,0.0014,0.0042,0.0022,תקין
047,289651,16496,84,5.70,5.70,0.03,0.03,5.84,5.84,0.0049,0.0010,0.0001,תקין
048,227521,14196,157,6.24,6.24,0.07,0.07,6.58,6.58,0.0006,0.0010,0.0044,תקין
049,1618464,74802,185,4.62,4.62,0.01,0.01,4.68,4.68,0.0018,0.0014,0.0011,תקין
050,2015414,123436,135,6.12,6.12,0.01,0.01,6.16,6.16,0.0046,0.0033,0.0019,תקין
051,74402,3982,36,5.35,5.35,0.05,0.05,5.59,5.59,0.0020,0.0016,0.0039,תקין
052,1424780,91658,199,6.43,6.43,0.01,0.01,6.50,6.50,0.0031,0.0040,0.0030,תקין
053,230001,12448,282,5.41,5.41,0.12,0.12,6.03,6.03,0.0022,0.0026,0.0048,תקין
054,32798858,980527,11430,2.99,2.99,0.03,0.03,3.16,3.16,0.0005,0.0048,0.0038,תקין
055,799137,36009,154,4.51,4.51,0.02,0.02,4.60,4.60,0.0040,0.0007,0.0023,תקין
056,2562079,114751,357,4.48,4.48,0.01,0.01,4.55,4.55,0.0012,0.0039,0.0015,תקין
057,126799,6267,49,4.94,4.94,0.04,0.04,5.14,5.14,0.0025,0.0014,0.0043,תקין
058,781181,17423,395,2.23,2.23,0.05,0.05,2.48,2.48,0.0003,0.0006,0.0032,תקין
059,1673797,163992,206,9.80,9.80,0.01,0.01,9.86,9.86,0.0024,0.0023,0.0009,תקין
060,173054,7534,77,4.35,4.35,0.04,0.04,4.58,4.58,0.0036,0.0045,0.0040,תקין
061,1195121,56761,278,4.75,4.75,0.02,0.02,4.87,4.87,0.0006,0.0033,0.0043,תקין
062,2630522,155963,356,5.93,5.93,0.01,0.01,6.00,6.00,0.0010,0.0035,0.0034,תקין
063,4390174,198287,2337,4.52,4.52,0.05,0.05,4.78,4.78,0.0034,0.0032,0.0028,תקין
064,7974326,459202,779,5.76,5.76,0.01,0.01,5.81,5.81,0.0015,0.0002,0.0027,תקין
065,103255,5626,10,5.45,5.45,0.01,0.01,5.50,5.50,0.0014,0.0003,0.0029,תקין
066,129623,11963,2,9.23,9.23,0.00,0.00,9.24,9.24,0.0009,0.0015,0.0032,תקין
067,161182,2791,65,1.73,1.73,0.04,0.04,1.93,1.93,0.0016,0.0003,0.0032,תקין
068,91967,3260,2,3.54,3.54,0.00,0.00,3.56,3.56,0.0047,0.0022,0.0044,תקין
069,1347634,36436,451,2.70,2.70,0.03,0.03,2.87,2.87,0.0037,0.0035,0.0010,תקין
070,150390,3426,32,2.28,2.28,0.02,0.02,2.38,2.38,0.0019,0.0013,0.0045,תקין
071,298175,4140,30,1.39,1.39,0.01,0.01,1.44,1.44,0.0016,0.0001,0.0012,תקין
072,1743023,98690,456,5.66,5.66,0.03,0.03,5.79,5.79,0.0020,0.0038,0.0028,תקין
073,117653,2650,45,2.25,2.25,0.04,0.04,2.44,2.44,0.0024,0.0018,0.0036,תקין
074,474232,14890,116,3.14,3.14,0.02,0.02,3.26,3.26,0.0002,0.0045,0.0021,תקין
075,1959578,118716,317,6.06,6.06,0.02,0.02,6.14,6.14,0.0018,0.0038,0.0009,תקין
076,391504,20684,36,5.28,5.28,0.01,0.01,5.33,5.33,0.0032,0.0008,0.0008,תקין
077,132252,6851,14,5.18,5.18,0.01,0.01,5.23,5.23,0.0003,0.0006,0.0032,תקין
078,204695,9779,22,4.78,4.78,0.01,0.01,4.83,4.83,0.0026,0.0007,0.0011,תקין
079,843345,60775,139,7.21,7.21,0.02,0.02,7.29,7.29,0.0036,0.0035,0.0012,תקין
080,221495,9631,163,4.35,4.35,0.07,0.07,4.72,4.72,0.0018,0.0036,0.0039,תקין
081,196270,3695,47,1.88,1.88,0.02,0.02,2.00,2.00,0.0026,0.0039,0.0023,תקין
082,3704073,248231,890,6.70,6.70,0.02,0.02,6.82,6.82,0.0016,0.0040,0.0017,תקין
083,475164,14047,186,2.96,2.96,0.04,0.04,3.15,3.15,0.0038,0.0009,0.0020,תקין
084,106518,1526,22,1.43,1.43,0.02,0.02,1.54,1.54,0.0026,0.0007,0.0041,תקין
085,1711381,139960,160,8.18,8.18,0.01,0.01,8.22,8.22,0.0018,0.0007,0.0049,תקין
086,5537448,286847,979,5.18,5.18,0.02,0.02,5.27,5.27,0.0001,0.0023,0.0015,תקין
087,3967068,155412,90,3.92,3.92,0.00,0.00,3.93,3.93,0.0024,0.0023,0.0011,תקין
088,206174,6417,66,3.11,3.11,0.03,0.03,3.27,3.27,0.0024,0.0020,0.0025,תקין
089,1547833,102602,382,6.63,6.63,0.02,0.02,6.75,6.75,0.0012,0.0047,0.0021,תקין
090,919239,71544,180,7.78,7.78,0.02,0.02,7.88,7.88,0.0030,0.0004,0.0009,תקין
091,2396689,75487,271,3.15,3.15,0.01,0.01,3.21,3.21,0.0004,0.0013,0.0038,תקין
092,107229,4810,48,4.49,4.49,0.04,0.04,4.71,4.71,0.0043,0.0048,0.0005,תקין
093,191558,4079,13,2.13,2.13,0.01,0.01,2.16,2.16,0.0006,0.0032,0.0033,תקין
094,478369,26902,96,5.62,5.62,0.02,0.02,5.72,5.72,0.0037,0.0001,0.0040,תקין
095,426125,24097,154,5.65,5.65,0.04,0.04,5.84,5.84,0.0049,0.0039,0.0044,תקין
096,676569,42163,202,6.23,6.23,0.03,0.03,6.38,6.38,0.0019,0.0001,0.0012,תקין
097,66260,1100,18,1.66,1.66,0.03,0.03,1.80,1.80,0.0001,0.0028,0.0040,תקין
098,907799,25918,136,2.86,2.86,0.01,0.01,2.93,2.93,0.0050,0.0050,0.0001,תקין
099,887348,46526,239,5.24,5.24,0.03,0.03,5.38,5.38,0.0033,0.0031,0.0021,תקין
100,457815,34866,76,7.62,7.62,0.02,0.02,7.70,7.70,0.0043,0.0034,0.0013,תקין
101,1398504,95133,358,6.80,6.80,0.03,0.03,6.93,6.93,0.0025,0.0044,0.0005,תקין
102,67395,2084,53,3.09,3.09,0.08,0.08,3.49,3.49,0.0022,0.0014,0.0046,תקין
103,3138788,196999,1686,6.28,6.28,0.05,0.05,6.54,6.54,0.0037,0.0037,0.0049,תקין
104,1116677,90413,121,8.10,8.10,0.01,0.01,8.15,8.15,0.0034,0.0008,0.0008,תקין
105,8890514,291010,618,3.27,3.27,0.01,0.01,3.31,3.31,0.0033,0.0030,0.0020,תקין
106,3941733,219202,253,5.56,5.56,0.01,0.01,5.59,5.59,0.0011,0.0036,0.0031,תקין
107,766228,13968,99,1.82,1.82,0.01,0.01,1.89,1.89,0.0030,0.0029,0.0024,תקין
108,570451,22765,40,3.99,3.99,0.01,0.01,4.03,4.03,0.0007,0.0030,0.0042,תקין
109,196350,4526,33,2.31,2.31,0.02,0.02,2.39,2.39,0.0049,0.0032,0.0009,תקין
110,341938,36097,69,10.56,10.56,0.02,0.02,10.66,10.66,0.0034,0.0002,0.0025,תקין
111,1629425,34669,228,2.13,2.13,0.01,0.01,2.20,2.20,0.0023,0.0040,0.0024,תקין
112,568022,6666,133,1.17,1.17,0.02,0.02,1.29,1.29,0.0035,0.0034,0.0006,תקין
113,141284,6015,38,4.26,4.26,0.03,0.03,4.39,4.39,0.0026,0.0031,0.0019,תקין
114,596847,25064,103,4.20,4.20,0.02,0.02,4.29,4.29,0.0006,0.0027,0.0043,תקין
115,5503563,233462,1588,4.24,4.24,0.03,0.03,4.39,4.39,0.0020,0.0011,0.0037,תקין
116,202673,8009,91,3.95,3.95,0.04,0.04,4.18,4.18,0.0017,0.0049,0.0038,תקין
117,859151,23576,283,2.74,2.74,0.03,0.03,2.91,2.91,0.0041,0.0029,0.0012,תקין
118,1039565,30206,215,2.91,2.91,0.02,0.02,3.01,3.01,0.0044,0.0007,0.0010,תקין
119,27681277,515669,2899,1.86,1.86,0.01,0.01,1.92,1.92,0.0029,0.0005,0.0048,תקין
120,78716,4405,105,5.60,5.60,0.13,0.13,6.26,6.26,0.0039,0.0034,0.0030,תקין
